{
  "version": 1,
  "author": "V205",
  "editor": "wokwi",
  "parts": [
    { "type": "board-esp32-devkit-c-v4", "id": "esp", "top": 9.6, "left": -100.76, "attrs": {} },
    { "type": "board-ssd1306", "id": "oled1", "top": 99.14, "left": 57.83, "attrs": {} },
    {
      "type": "wokwi-pushbutton-6mm",
      "id": "btn1",
      "top": 116.7,
      "left": -187.5,
      "rotate": 90,
      "attrs": { "color": "red" }
    },
    {
      "type": "wokwi-pushbutton-6mm",
      "id": "btn2",
      "top": 155.9,
      "left": -186.1,
      "rotate": 270,
      "attrs": { "color": "green" }
    },
    {
      "type": "wokwi-pushbutton-6mm",
      "id": "btn3",
      "top": 68.7,
      "left": -187.5,
      "rotate": 90,
      "attrs": { "color": "green" }
    }
  ],
  "connections": [
    [ "esp:TX", "$serialMonitor:RX", "", [] ],
    [ "esp:RX", "$serialMonitor:TX", "", [] ],
    [ "oled1:SCL", "esp:22", "green", [ "v0" ] ],
    [ "oled1:SDA", "esp:21", "blue", [ "v-19.2", "h-124.73" ] ],
    [ "oled1:GND", "esp:GND.2", "black", [ "v-67.2", "h-96" ] ],
    [ "oled1:VCC", "esp:3V3", "red", [ "v-28.8", "h0.15", "v-76.8", "h-201.75" ] ],
    [ "btn2:1.l", "esp:GND.1", "black", [ "v15.5", "h72.3", "v-19.2" ] ],
    [ "btn3:1.r", "esp:25", "green", [ "v0" ] ],
    [ "btn2:2.l", "esp:12", "green", [ "v5.9", "h43.9", "v-19.2" ] ],
    [ "btn1:1.r", "esp:14", "green", [ "v0" ] ],
    [ "btn2:1.r", "btn1:2.r", "black", [ "v0" ] ],
    [ "btn1:2.l", "btn3:2.r", "black", [ "v0" ] ]
  ],
  "dependencies": {}
}